date,price,regime
2014-12,340.0,0.0
2015-01,218.45,0.0
2015-02,255.59,0.0
2015-03,245.5,0.0
2015-04,236.81,0.0
2015-05,230.21,0.0
2015-06,263.82,0.0
2015-07,285.19,0.0
2015-08,230.75,0.0
2015-09,237.14,0.0
2015-10,314.85,0.0
2015-11,376.86,1.0
2015-12,430.35,1.0
2016-01,367.95,1.0
2016-02,436.44,1.0
2016-03,416.03,1.0
2016-04,454.02,1.0
2016-05,531.34,1.0
2016-06,673.49,1.0
2016-07,626.97,1.0
2016-08,572.89,1.0
2016-09,608.99,1.0
2016-10,696.9,1.0
2016-11,742.69,1.0
2016-12,973.37,1.0
2017-01,970.01,1.0
2017-02,1195.08,1.0
2017-03,1088.99,1.0
2017-04,1384.55,1.0
2017-05,2303.29,1.0
2017-06,2455.19,1.0
2017-07,2856.88,1.0
2017-08,4743.94,1.0
2017-09,4339.0,1.0
2017-10,6445.01,1.0
2017-11,9903.0,1.0
2017-12,13863.13,1.0
2018-01,10099.99,1.0
2018-02,10307.27,1.0
2018-03,6928.5,1.0
2018-04,9243.82,0.0
2018-05,7485.0,0.0
2018-06,6383.19,0.0
2018-07,7727.27,0.0
2018-08,7015.01,0.0
2018-09,6605.0,0.0
2018-10,6304.18,0.0
2018-11,3976.0,0.0
2018-12,3691.86,0.0
2019-01,3411.5,0.0
2019-02,3792.14,0.0
2019-03,4094.99,0.0
2019-04,5270.69,0.0
2019-05,8550.18,1.0
2019-06,10778.74,1.0
2019-07,10099.0,1.0
2019-08,9593.95,1.0
2019-09,8305.14,1.0
2019-10,9146.75,1.0
2019-11,7551.7,1.0
2019-12,7158.01,1.0
2020-01,9343.28,1.0
2020-02,8552.08,1.0
2020-03,6434.73,0.0
2020-04,8652.3,0.0
2020-05,9435.8,1.0
2020-06,9129.47,1.0
2020-07,11372.76,1.0
2020-08,11665.93,1.0
2020-09,10783.24,1.0
2020-10,13745.02,1.0
2020-11,19727.0,1.0
2020-12,29026.97,1.0
2021-01,33076.09,1.0
2021-02,45352.29,1.0
2021-03,58837.71,1.0
2021-04,57640.17,1.0
2021-05,37153.71,1.0
2021-06,34995.83,1.0
2021-07,41472.42,1.0
2021-08,47065.73,1.0
2021-09,43834.03,1.0
2021-10,61333.45,1.0
2021-11,56879.47,1.0
2021-12,46244.63,1.0
2022-01,38430.3,0.0
2022-02,43206.02,0.0
2022-03,45475.83,0.0
2022-04,37658.53,0.0
2022-05,31804.27,0.0
2022-06,19837.58,0.0
2022-07,23296.14,0.0
2022-08,20025.48,0.0
2022-09,19415.8,0.0
2022-10,20472.79,0.0
2022-11,17179.78,0.0
2022-12,16531.0,0.0
2023-01,23134.74,0.0
2023-02,23146.93,1.0
2023-03,28492.72,1.0
2023-04,29271.16,1.0
2023-05,27222.9,1.0
2023-06,30475.82,1.0
2023-07,29223.31,1.0
2023-08,25922.51,1.0
2023-09,26959.4,1.0
2023-10,34667.88,1.0
2023-11,37743.0,1.0
2023-12,42300.78,1.0
2024-01,42599.49,1.0
2024-02,61240.13,1.0
2024-03,71213.11,1.0
2024-04,60690.8,1.0
2024-05,67506.03,1.0
2024-06,62678.1,1.0
2024-07,64607.71,1.0
2024-08,58956.52,1.0
2024-09,60790.0,1.0
2024-10,69467.29,1.0
2024-11,97263.18,1.0
2024-12,94383.59,1.0
2025-01,100623.85,1.0
2025-02,86018.76,1.0
2025-03,85170.37,1.0
2025-04,96524.98,1.0
2025-05,105697.94,1.0
2025-06,105711.78,1.0
2025-07,113248.73,1.0
2025-08,109240.55,1.0
2025-09,118659.97,1.0
2025-10,110052.25,1.0
2025-11,87446.89,1.0
2025-12,87696.0,0.0
2026-01,78727.3,0.0
2026-02,66680.36,0.0
2026-03,68133.96,0.0
2026-04,76442.08,0.0
