month,sha256,nonce,decision_line,sealed_on
2016-01,a52a374dacc2c43ad34a7a0932598f6b30a53166e6237f4246076e1b74213ac4,c96ceeba44a8167699d9d9b589b6e962,BTC:ON:2015-11|NQ:ON:2015-11|as_of:2016-01,2026-07-29
2016-02,5fc014a39846419945fc25261e7491f9991c0ff264fb38ae432881e837b809ae,d53bb1cfe5fbf1b61f466d3f0ada0d97,BTC:ON:2015-11|NQ:ON:2015-11|as_of:2016-02,2026-07-29
2016-03,e21455ba64d5d38c8340a776964cfd804c83f707e316fe8b2cba271c8888139e,949fd666436e4abb0565ddd0ddce62d2,BTC:ON:2015-11|NQ:ON:2015-11|as_of:2016-03,2026-07-29
2016-04,e794d1144cb7cb86981432dbf484dea8ad169578cd5d3048265225b50e4605f7,f6c5100c96cd1ae484a2cfb1461af13c,BTC:ON:2015-11|NQ:ON:2015-11|as_of:2016-04,2026-07-29
2016-05,b3ffc5f4a1f512c40d0894781f4a317c80d01f4051c1a3cdf8d0d65caaa09665,c1cd94037fbdeba98ba5a2ae93cb7cd8,BTC:ON:2015-11|NQ:ON:2015-11|as_of:2016-05,2026-07-29
2016-06,573c27fd1b2343f97dd010706e79d2dd9d123481ee60ebbf2af64790a32170ab,5cb72e48cf45e08449c3918f582751f3,BTC:ON:2015-11|NQ:ON:2015-11|as_of:2016-06,2026-07-29
2016-07,8b2dbb500438d14fcb92718db8e96b4ec59c5da9eb471ba67afd0257b9536049,f93f396e2b9e447230a8159bc8eb4766,BTC:ON:2015-11|NQ:ON:2015-11|as_of:2016-07,2026-07-29
2016-08,0a45ab3a6c381e829c42f256fb4914fbbe1b4600b0d39d5022022564cf120de6,69442e036b3e4b03f0f902f0463ce71c,BTC:ON:2015-11|NQ:ON:2015-11|as_of:2016-08,2026-07-29
2016-09,66f685344c8fa053a5fd047fd6bc3d0ebee8513c5e03a1d8acc36e524279213b,b4bce605f2b0ef4b0fa97143c62cb432,BTC:ON:2015-11|NQ:ON:2015-11|as_of:2016-09,2026-07-29
2016-10,6b0a6a8d01a93c2bf564f2ddde0eb81886976c337ca69241fbb7e1b2894e875b,e1258db4304d28517b548889ab665b29,BTC:ON:2015-11|NQ:ON:2015-11|as_of:2016-10,2026-07-29
2016-11,fa6e735022653fd982821eb8f1be32d6d599c587cfea99b013c53ac5bef4c70d,46fe35dc5d04309bbddbee68f183d358,BTC:ON:2015-11|NQ:ON:2015-11|as_of:2016-11,2026-07-29
2016-12,b784dddcc213961ac507bcd7a9dd635608a182211e38858c74bd607372c7016c,4a8b4e91702436c155beed8e046e9bd0,BTC:ON:2015-11|NQ:ON:2015-11|as_of:2016-12,2026-07-29
2017-01,9be0fa37dcee85a7ddee41430f2cb3f2475ac44da8f7264776a4d97a54fa900d,570775edf03ae733e2b9b8008162bf77,BTC:ON:2015-11|NQ:ON:2015-11|as_of:2017-01,2026-07-29
2017-02,35ddb996227fa13d37b4c21a4df77deab271a8a3a39e30d8e9e58c78f24cf5f1,054dbaf02e2edcc4240604d2749b34fe,BTC:ON:2015-11|NQ:ON:2015-11|as_of:2017-02,2026-07-29
2017-03,88586cc7d8eed8bafd144854d0a1fe8c7d0c2992a1e9eb3201a3ad8cd6418ec1,3b9e860dfb023d3fd3445a2ac694c999,BTC:ON:2015-11|NQ:ON:2015-11|as_of:2017-03,2026-07-29
2017-04,ab59335b9f96330441c3637737e66e60d4adf3a470f73e131c7e96f8cbed3e9d,a39806c530045753ed8c02919b35cce9,BTC:ON:2015-11|NQ:ON:2015-11|as_of:2017-04,2026-07-29
2017-05,810334d1fbbceb574af4aa392fe71baf87ececacdf1defb343eafed1ff866fdf,6e888427e072eb7e0bdcef859e525cf7,BTC:ON:2015-11|NQ:ON:2015-11|as_of:2017-05,2026-07-29
2017-06,8c9314a299a69e60e806535d394408fab295c88e94c82c0126a842704703570f,bcd4dc1248b2e81092279b615d307a6b,BTC:ON:2015-11|NQ:ON:2015-11|as_of:2017-06,2026-07-29
2017-07,8a2f1c9f50c28672a2b211796fcf9ebedfe474754dd434a714d42522820c9d0d,b0214bf72948bc59dedfadd7f80d2979,BTC:ON:2015-11|NQ:ON:2015-11|as_of:2017-07,2026-07-29
2017-08,2077244e9781dc65b03ad496607c1fb54fc18c3e48326d849dfbd9200909e441,5255a586f7def5eb511a089454a3ce63,BTC:ON:2015-11|NQ:ON:2015-11|as_of:2017-08,2026-07-29
2017-09,7efefc216c369f9103145f0a578608831627613b8e2480525b1091c97806b0f8,cc3a59dfdf81476cb40ae5e53cff9098,BTC:ON:2015-11|NQ:ON:2015-11|as_of:2017-09,2026-07-29
2017-10,fcde01eea09ccf914cda5cd3a9653ce815349fbfe0814d59f3ea97503b0bc301,64402c6143cd48a5d34e642be99ac9fe,BTC:ON:2015-11|NQ:ON:2015-11|as_of:2017-10,2026-07-29
2017-11,d7e2d2fb773a028f434c0f93e32f4b8de6c634c38a884a33bc638a805c875697,b8706d5ce227991cc4c27b6e2b130da9,BTC:ON:2015-11|NQ:ON:2015-11|as_of:2017-11,2026-07-29
2017-12,4487173fddce4cce0e1cef8ac4167c47b3f5242588f861293c7806f0119c6dcc,10cebbbf592b34ed86916a11be4066a6,BTC:ON:2015-11|NQ:ON:2015-11|as_of:2017-12,2026-07-29
2018-01,697e0b71c94d39d84dbc161385de164ccaef624331396037f6c1283d8087a2fd,9c5908266cea46ff84c18a4f1b78ac7c,BTC:ON:2015-11|NQ:ON:2015-11|as_of:2018-01,2026-07-29
2018-02,429cd8e6d54f61397e239858d2531ccde525ee149432e04719476825f8169cea,a89ceb94904225ddb20c18d5da2fa872,BTC:ON:2015-11|NQ:ON:2015-11|as_of:2018-02,2026-07-29
2018-03,88986df0c1d0379d2636d82a9ca84bd5705db76c837ced03bf8bb9b3433b63d6,6d34fd7ad24e0fc28e9d0c3ee167e730,BTC:ON:2015-11|NQ:ON:2015-11|as_of:2018-03,2026-07-29
2018-04,4f28a0ad6ddd15ecf807f7d36d0f91fc8c0b44f2a1ddfcece7d040790c6f0875,ae97a52fa1ac2b335ee194038515a202,BTC:OFF:2018-04|NQ:ON:2015-11|as_of:2018-04,2026-07-29
2018-05,4ffe827de7de47f2b4c84760371780169a85b105da64ef581a4cad59b884a796,76a43c1fd22a9c63e6f48ae97f61f37b,BTC:OFF:2018-04|NQ:ON:2015-11|as_of:2018-05,2026-07-29
2018-06,4bc8f8b283fe920d97adb77353968737ed434e6491263e34eade3a487be9ba62,849e48e292ac2a7b24e0ff0388d82805,BTC:OFF:2018-04|NQ:ON:2015-11|as_of:2018-06,2026-07-29
2018-07,cc4bcd459adb9baf8ec0bd19f7211b85c6169a561016ed503f70544c7b321128,9faa54dc165a437e7674d0c7b8468372,BTC:OFF:2018-04|NQ:ON:2015-11|as_of:2018-07,2026-07-29
2018-08,f8ac4d4812b639e6a3e2c5832c27b28d3689c729c8f2be4d257aa98b5e23f0e7,47b3a19b2d7f6a0fcbe5f07c632be573,BTC:OFF:2018-04|NQ:ON:2015-11|as_of:2018-08,2026-07-29
2018-09,cbe61719b466fc6ee2091cd3f717e9cc3f2a6a573fb25e114b2b952dee4d1a4a,a615190419f978db313f5a45dad1aa25,BTC:OFF:2018-04|NQ:ON:2015-11|as_of:2018-09,2026-07-29
2018-10,dd5ddeb13a8c3a13d4ce39ba605961edd73ab39b75ec5ffe5c8437c08c94e232,1de1e0f40370e93c2002580f2bf57be2,BTC:OFF:2018-04|NQ:ON:2015-11|as_of:2018-10,2026-07-29
2018-11,6b97b44877e285d589ea7da2a6f1fa5cc4bc4900be98706e7af8903b373b879c,a7a501034c13b24a6baa2cfefe8fb8aa,BTC:OFF:2018-04|NQ:OFF:2018-11|as_of:2018-11,2026-07-29
2018-12,df094b935ca9b205c5e3d9594648a3df3a080dd5853dffd027fdb501f19fa7b5,43e0c1327b3beb95fa46a1b6df09187a,BTC:OFF:2018-04|NQ:OFF:2018-11|as_of:2018-12,2026-07-29
2019-01,78ade438734a638c48af617253014efbaada5c2bd952a32af32837dd7e67096d,b3f9bcc2a37a9bbeb24f2a9028028f7f,BTC:OFF:2018-04|NQ:OFF:2018-11|as_of:2019-01,2026-07-29
2019-02,2dc5bb7819649e32be20fdaad1d70ca860f9323040d41f97586fe36da3ed8740,36218cd6a251c65d0d25e4b447c97c33,BTC:OFF:2018-04|NQ:OFF:2018-11|as_of:2019-02,2026-07-29
2019-03,7b390ad0ce1c248b5d59a08e54d830e7f2241fbab5ec4c10ea1b499cea269c4a,b83f7a2803762af5b769100d6bf09926,BTC:OFF:2018-04|NQ:OFF:2018-11|as_of:2019-03,2026-07-29
2019-04,97f501861ef24b65a0f8924f15819df0f88609b7e414c7c1eaa7b152eb8e54e4,fc694e4a1106835f93136fac88a8116d,BTC:OFF:2018-04|NQ:ON:2019-04|as_of:2019-04,2026-07-29
2019-05,89c9b0eeb9425b50d8daf9a9c3856999a90cd93364815377ecdcd93ede116f5c,8565b1653c5a5c95356ef8ff0061bae9,BTC:ON:2019-05|NQ:ON:2019-04|as_of:2019-05,2026-07-29
2019-06,d9566e7e816ec55ca1c4f179b9c3f4fe9acca4adf9f24983b423845c11bb7855,d69c5d1af5fd437d7ea01261220565b0,BTC:ON:2019-05|NQ:OFF:2019-06|as_of:2019-06,2026-07-29
2019-07,898d305997f0d36e99db1fad876f355e6aa48f5499eba709aa5c62ce4e4f1fcc,1af386d841fb8a28442da8e83a7dde96,BTC:ON:2019-05|NQ:OFF:2019-06|as_of:2019-07,2026-07-29
2019-08,0b67e70a31a1320a86c6ca5c673876ff74afefaa5ad087c8cf9bc08b1cb6d294,a662bc9ec1dc3a2fc9352d30e2c2d9ed,BTC:ON:2019-05|NQ:ON:2019-08|as_of:2019-08,2026-07-29
2019-09,127e19b7d35140f8bfe04b1962ee88e39d5987d22d3712e601a14128609a21c8,1d6206f2d3539e283d3c529667d875ba,BTC:ON:2019-05|NQ:ON:2019-08|as_of:2019-09,2026-07-29
2019-10,2ed16220e25bc0a17bf7d6d6a9b56b8586900099e7bc4fff8f53c985467da206,2985cb0b06baf362bef63547219ebb68,BTC:ON:2019-05|NQ:ON:2019-08|as_of:2019-10,2026-07-29
2019-11,a499e2b176c9298e00bd9eb199cc4f691a8a4b482bba65ae35f2c7896e7ec090,0da8155c6bddc93fe407249288ccf286,BTC:ON:2019-05|NQ:ON:2019-08|as_of:2019-11,2026-07-29
2019-12,31378feed90950a479009f7ed572da145d041af0af50b47c66fdf5a18fcefe10,db171272fd2fcd4438d213d8d070b07e,BTC:ON:2019-05|NQ:ON:2019-08|as_of:2019-12,2026-07-29
2020-01,4f931d46d8a41daffbf0390ad321eb7eb8a14ea3182bac49acbc79aa2afe973c,6151932fa4e98dd28f9843ed4d50acca,BTC:ON:2019-05|NQ:ON:2019-08|as_of:2020-01,2026-07-29
2020-02,3b8c62737e619fb07fdc218b4ab4ed1a1a1f39e70576d0c3ec9457a3fc81e329,e000cea21cac58c4757f2891b756e8e1,BTC:ON:2019-05|NQ:ON:2019-08|as_of:2020-02,2026-07-29
2020-03,22851d97a1b73dfd81eccc246704c35fbaf66cd7c991003dcacb24bfa5e3621b,251ce660810e709ec72647aec3d5ce86,BTC:OFF:2020-03|NQ:ON:2019-08|as_of:2020-03,2026-07-29
2020-04,6fbacce5ae66deae4600f17a05d8e615a03b2afa48193d62a74292aa97fe5563,06e78182aba7a3bfc24aab99bf4649e7,BTC:OFF:2020-03|NQ:OFF:2020-04|as_of:2020-04,2026-07-29
2020-05,65d80ca851bbb356dc254226f55a3308afa0f6c4876937fff76852b8b8d57ec6,deaea48c1b9621ada60f0b53e7bcac69,BTC:ON:2020-05|NQ:ON:2020-05|as_of:2020-05,2026-07-29
2020-06,ffe761a94b2ed7fefe004204ac74962562621ab22b03126512d3696e104e6400,7834de6225830ae8504dc88b153faf85,BTC:ON:2020-05|NQ:ON:2020-05|as_of:2020-06,2026-07-29
2020-07,cdcb258c2c61a19afcca1713be436a9a8fc8904b66a923a010e606b5ab7a9bc6,1fa2adefe4c04b0b0555c3993ac8c9e8,BTC:ON:2020-05|NQ:ON:2020-05|as_of:2020-07,2026-07-29
2020-08,a6a661e5607d4a8ea0acdc9e378feaecb1f184a3aebe7512367a76f45eabb492,c32c4728e5b52d6fd9ed79231879cc96,BTC:ON:2020-05|NQ:ON:2020-05|as_of:2020-08,2026-07-29
2020-09,45309a9edb7a8a3593acb83df68d057ac4b4f43af3d76a58c74eedda71a5bd26,46e4a05337402faebca2599ba48469d9,BTC:ON:2020-05|NQ:ON:2020-05|as_of:2020-09,2026-07-29
2020-10,85cb9fa48848063dc1d573695358aef9a7bf17360840e9ca8432a511dbc7d33c,9041ca854ed454a414432b97c914ade4,BTC:ON:2020-05|NQ:ON:2020-05|as_of:2020-10,2026-07-29
2020-11,3e989b71d615904a59fad4c95be0f2d8084053858a87a04a77131e4a048504da,62bbfc6541971fc6288f20e143a406c5,BTC:ON:2020-05|NQ:ON:2020-05|as_of:2020-11,2026-07-29
2020-12,ff1e802fd234850dcec338e80fa3ec94dd13aaaa082704b09583eeef4676be39,41df00becae594ed3eeab07cb6ac7f6e,BTC:ON:2020-05|NQ:ON:2020-05|as_of:2020-12,2026-07-29
2021-01,e7e763afaaced9e1cf5d600a34f0ec6da3618488c1a81f2fba35d867363f6797,1bacd01bb84a66039d840162e749b3b8,BTC:ON:2020-05|NQ:ON:2020-05|as_of:2021-01,2026-07-29
2021-02,307eae1bb4ce8da79cdd054ae7f5949e2c83f835567609463437709e7a92c103,31f6346f9d056bca8914c4d117c2f707,BTC:ON:2020-05|NQ:ON:2020-05|as_of:2021-02,2026-07-29
2021-03,bd3b1cef5657e6f6524659827750f6cb379ae5f123310e7064e9f5c04590e002,60b7c848e7cd9644ce21132aa7310170,BTC:ON:2020-05|NQ:ON:2020-05|as_of:2021-03,2026-07-29
2021-04,f512434a4e42b4d058b00e3626e552e37e80d15328e75d36d4f7837b7aa5e42f,1bcb48a8b8f34eee2d173445da16d93d,BTC:ON:2020-05|NQ:ON:2020-05|as_of:2021-04,2026-07-29
2021-05,37eb5cbae9b8f16c22a4f081cbf7d6692b25809d542d2ae83aa7fb472e56bd74,c1fcd03299a13d165d60706693451e40,BTC:ON:2020-05|NQ:ON:2020-05|as_of:2021-05,2026-07-29
2021-06,1e7e84ab6c3c959be5f3000a9542b9bf81bd7602e7a1aa68715eb7bc58f9e372,b15546aa92bfe0699bd027b07f85b4c7,BTC:ON:2020-05|NQ:ON:2020-05|as_of:2021-06,2026-07-29
2021-07,995f35ec2bb3e401e1e9f872c0f3d98203dbdeb3dda4aad651a16c517e7808ff,7efe0ab8b7d3055c8dd9dbcb8a834348,BTC:ON:2020-05|NQ:ON:2020-05|as_of:2021-07,2026-07-29
2021-08,fc537e08560bbbba7122480c3fadb5bf1816a87923bb96cfaf417bc4ff750ea8,706684144173414bdf068adc0be29e60,BTC:ON:2020-05|NQ:ON:2020-05|as_of:2021-08,2026-07-29
2021-09,509fdce795a0785ac3824b64f0e8f327967f0cafe90e2bec2e41d16080172597,d25d3d7906885063457b1b564ddbfd8d,BTC:ON:2020-05|NQ:ON:2020-05|as_of:2021-09,2026-07-29
2021-10,6836e1dc8262bf24bf685f9a5ff0e4d15c43154c0c5d90fb5123781c7ba03688,68f23e431d3089fbc205472b2a710ab8,BTC:ON:2020-05|NQ:ON:2020-05|as_of:2021-10,2026-07-29
2021-11,5ac5f6a0ecaa4bd536d68009f8d58b618dd965eda0761957831ac0ad633385bb,4695724ef4e1e804420d5bfb6c8d6a16,BTC:ON:2020-05|NQ:ON:2020-05|as_of:2021-11,2026-07-29
2021-12,068779a2955f9ef6893856b7756598e31655b78160942ebe4c85ffee8dc9b581,611e6488449b881ac47e6e0bffcad7aa,BTC:ON:2020-05|NQ:ON:2020-05|as_of:2021-12,2026-07-29
2022-01,930d6cd54b0006144cec5ad6fcc6a5347747b4e53f3ca86bfaedbf885644560a,a050929ce4f0dac58f74800b5feb3a16,BTC:OFF:2022-01|NQ:ON:2020-05|as_of:2022-01,2026-07-29
2022-02,52a6dfaf2552d7877e9e9fe5cdd2b6e95db9806b931e12e15d3b74d88141e4b9,0ca27ba0f7ab5bb21f4e765b6f59a13b,BTC:OFF:2022-01|NQ:OFF:2022-02|as_of:2022-02,2026-07-29
2022-03,230da1ea6af2895ed13cac8d7825b56c50f6b20f358660a44538ab9deb7070e4,1986840c8690901f9fc9b8dc507bdb06,BTC:OFF:2022-01|NQ:OFF:2022-02|as_of:2022-03,2026-07-29
2022-04,646d66c5b5317d4d410456a29e1488553ea8d987215547728e4c917ba57c6f50,eca83d9493a6a6bcd2db383f99705820,BTC:OFF:2022-01|NQ:OFF:2022-02|as_of:2022-04,2026-07-29
2022-05,8dd28c57a345e6a08bb4ebd02ede084b25e8a368c39643cc9153e740c8981bc0,09d2ad85e21b9fce9713fdfddbe761b4,BTC:OFF:2022-01|NQ:OFF:2022-02|as_of:2022-05,2026-07-29
2022-06,dc3928f7f5251fc9fd722a1998af5cf7be11b087ffb4ea914500a5fe9a48dc1f,1d9228760ee3e0adf3faee5c821879f8,BTC:OFF:2022-01|NQ:OFF:2022-02|as_of:2022-06,2026-07-29
2022-07,eb896a6939a2d2f67306feefbd23220251a378b2c6c125f895493ba9c530769c,9f4fad1e17793dc4bf8e48921a2b2005,BTC:OFF:2022-01|NQ:OFF:2022-02|as_of:2022-07,2026-07-29
2022-08,68872d4ada9e6445e42db1cbff39e01597f12bbdb2d2f6bd8ac043fccd441d88,f4796fb145324f96a5321fcec957a74d,BTC:OFF:2022-01|NQ:OFF:2022-02|as_of:2022-08,2026-07-29
2022-09,4744668668a6e6a773e1a11114f041a1f9f83ca8bac360dbe9fb6b23bfb76412,3b2751de84cebb084ddc84511e936d73,BTC:OFF:2022-01|NQ:OFF:2022-02|as_of:2022-09,2026-07-29
2022-10,2099678916956c901f524605dbb08594f5358872c5de68e66db450b047027d5f,08a450c1e7376f4bf78da5f2e2c48c5d,BTC:OFF:2022-01|NQ:OFF:2022-02|as_of:2022-10,2026-07-29
2022-11,83c4be9baaaef80d14d75c6d2d602e375fbe39049df32bbf2556c6192bd92320,4795be48fc6ff9542f0b4f3c659730ca,BTC:OFF:2022-01|NQ:OFF:2022-02|as_of:2022-11,2026-07-29
2022-12,207235e8e4919addea81421a61758a0f284fc4c31fd06317d9c7f79ef97d8085,2d9014809964e219a01d92a56af33711,BTC:OFF:2022-01|NQ:OFF:2022-02|as_of:2022-12,2026-07-29
2023-01,60a19ca17794a98a17542ade558029bc99be222ff5fba345c88a573b3033ac13,1ce48c9760df2fdc9d7ebefa0fbf389e,BTC:OFF:2022-01|NQ:OFF:2022-02|as_of:2023-01,2026-07-29
2023-02,95970483b9942acda647fed4d3a7a46b59a1db56406e576a2450e662c0e9e19b,87c9abc877a6d75b6699f9d533d19d52,BTC:ON:2023-02|NQ:ON:2023-02|as_of:2023-02,2026-07-29
2023-03,4366e697ae943676be69506370ff360d4b96a3d7acf2470145f73141e66215da,74700472d90656e9fa2a5f5ec0242d41,BTC:ON:2023-02|NQ:ON:2023-02|as_of:2023-03,2026-07-29
2023-04,5a9008b16a9ad28d3be241a3bcfbf099604448d0080c7c2ee788c0c592ef0323,f23971a7d2b5d997e30c3f6612bfa3bd,BTC:ON:2023-02|NQ:ON:2023-02|as_of:2023-04,2026-07-29
2023-05,5d0e7712d99d8d32ccf61752d82d773dfdc5f4cb23080e6ffd646e016809ee87,e26d68abf168fcb75d890aa89d18b011,BTC:ON:2023-02|NQ:ON:2023-02|as_of:2023-05,2026-07-29
2023-06,acbe067f84a68a6a67dac9ca1ee86ead244e52c8165b703c9f151ca8f87534f1,82bf934f716605d6a6f914b1be6f511c,BTC:ON:2023-02|NQ:ON:2023-02|as_of:2023-06,2026-07-29
2023-07,29779f7d8358c93f291b759da59607bad75dc5fdf5caa3405cec8594464c1fef,4756a10a724347e79d60f1c1f563cda7,BTC:ON:2023-02|NQ:ON:2023-02|as_of:2023-07,2026-07-29
2023-08,f465c90ec0711f47b060d71526021f65876ffc5c6ab230ad866546a45d1f2861,3a82170c5631d96b10629f71ec6a6dba,BTC:ON:2023-02|NQ:ON:2023-02|as_of:2023-08,2026-07-29
2023-09,84bb27aca397b463e77ea9dab2b4c753ed48a0216bc8e5d6f21e304618ef6fa8,9353e62f26c63b5d6114b2351a50618a,BTC:ON:2023-02|NQ:ON:2023-02|as_of:2023-09,2026-07-29
2023-10,3d862aa69fc1f4457bd95ece0b26fccc65e149995660ad25d3e1107658a3ec9e,bf96a31592eb36ddbbc5032df2d93cc6,BTC:ON:2023-02|NQ:ON:2023-02|as_of:2023-10,2026-07-29
2023-11,683179ed6d306c157e8cceeca9548c170516dbb44fbea2a48e1f85ba00e1af1e,8d3d49b46191fd383b4ff5e623ba8a61,BTC:ON:2023-02|NQ:ON:2023-02|as_of:2023-11,2026-07-29
2023-12,e2c1ce5f037e215d356f64e5ebc2d645ef420f3177778f3cf84308d2c3e33ad8,5cf3583baa38ec90880396cebec5e98b,BTC:ON:2023-02|NQ:ON:2023-02|as_of:2023-12,2026-07-29
2024-01,3d30465cd70a6a920ee40f646762d33038eb10f3d70a1f5825afda0c32de154a,858fb2f485db3208c1ccb6b000b5b0dd,BTC:ON:2023-02|NQ:ON:2023-02|as_of:2024-01,2026-07-29
2024-02,799159c5d86eb2cbf3abebd6366282dbdc29f1b81cd50814d3e53976e9528d78,ccef21d658c6de794e651df59baabfd6,BTC:ON:2023-02|NQ:ON:2023-02|as_of:2024-02,2026-07-29
2024-03,6e0652d1581df0ff026dda4e5533e21d3b1fcb774ae69ed1acf8be8588d3bef6,9de23f2bb84ac670026edd1ad92fc2ee,BTC:ON:2023-02|NQ:ON:2023-02|as_of:2024-03,2026-07-29
2024-04,553f39048a87ef07361ab4415cb26af3c6ef3e5bc68b4e86bd5c8c4030673f36,08046e1a22cb84f182ce11befc8439cd,BTC:ON:2023-02|NQ:ON:2023-02|as_of:2024-04,2026-07-29
2024-05,9ee5c6dc40162b55c48f9f2514fe1b753d9d4060121bcaed3bf8eab51ca00080,17bd83cfcf0c49bad9a91ec18d7e474d,BTC:ON:2023-02|NQ:ON:2023-02|as_of:2024-05,2026-07-29
2024-06,0a8be944290b5f996a1791f9ef1baacd2aafb57169fe2d1fcbfa36bafb3778ff,62158787adbfe7d28b7ec08e3a37416a,BTC:ON:2023-02|NQ:ON:2023-02|as_of:2024-06,2026-07-29
2024-07,a5d176736426556833b72068d5cea678bed2b7ed5a708bd66fde8435395b136d,6978467aa11b718a6ee713f054570cdf,BTC:ON:2023-02|NQ:ON:2023-02|as_of:2024-07,2026-07-29
2024-08,c6bf14e7e40e60bd73d9999b2cf7482469c261ff5e7c2ed6cd1e191d7d733b0a,6f47cae74964db63424b345e697c4679,BTC:ON:2023-02|NQ:ON:2023-02|as_of:2024-08,2026-07-29
2024-09,28a516cb6fa2b69a0a6b6cda9fc5f9dcc759f466db5f0162636ec7f050eedbeb,bf499692c5de13d9070b1609cc78a985,BTC:ON:2023-02|NQ:ON:2023-02|as_of:2024-09,2026-07-29
2024-10,aa3c652a03237b74a84cd19e5876717d7c240c41e9be974e74d271b82be459df,e724002507e5898dcf3832b9d0a614a6,BTC:ON:2023-02|NQ:ON:2023-02|as_of:2024-10,2026-07-29
2024-11,4f1dea633710bdd843e2cb8ae45becf73a33b1578f0e67bd779c07c952037093,308c0bd53f43f2fe8e0f6574e3b2274f,BTC:ON:2023-02|NQ:ON:2023-02|as_of:2024-11,2026-07-29
2024-12,9959f70de7a058ae4ccd65d4cc38c964da55378ac7534f3bf6f3d36eb01d755c,6b423af8454c1626e1500f29f8d478e6,BTC:ON:2023-02|NQ:ON:2023-02|as_of:2024-12,2026-07-29
2025-01,2406061eaf6b37b29cb8ef2076cfd0382e9303cd33c8edffa745cafb4b6b9091,a4f2d512e79f5a0ffa4c7a1b38743878,BTC:ON:2023-02|NQ:ON:2023-02|as_of:2025-01,2026-07-29
2025-02,3ec257bdb9d45e7aeeafce467f5f9ea808c131da8fc103c6256a4e664179142d,9738717414eea7c976537349a2abad15,BTC:ON:2023-02|NQ:ON:2023-02|as_of:2025-02,2026-07-29
2025-03,f8b43ae38b462a7de75cadc1e00693c5a765df0fb0feadef7c312ae43fd53526,3ad9e815908d39f7ac71164695bf039c,BTC:ON:2023-02|NQ:ON:2023-02|as_of:2025-03,2026-07-29
2025-04,b9b6a722bdd2579c03231b5cef39ba0fd0723919f7309cfdf2ae9b4d0d7781e5,37024ecb759ef87cf8b508138444b317,BTC:ON:2023-02|NQ:OFF:2025-04|as_of:2025-04,2026-07-29
2025-05,544944cc12e801a599d02fa34ddeea2ea6be4878a1f7f0b35b1892d38d68f9c5,570373a0594a3fbff184d55be7c20bc4,BTC:ON:2023-02|NQ:OFF:2025-04|as_of:2025-05,2026-07-29
2025-06,8d0a0805b231a1102046cc245991b4a520b530ccd75f5fe13d40db46481a22a3,9732b7fad5028ca2b39ad42f0cc512dc,BTC:ON:2023-02|NQ:ON:2025-06|as_of:2025-06,2026-07-29
2025-07,f273c03fadbf16ebf88b82876c4ef6113b437a779fe7624fc1782ab840a78f56,2c014d5a5228cdae1649c01108aa6959,BTC:ON:2023-02|NQ:ON:2025-06|as_of:2025-07,2026-07-29
2025-08,45752b125fa109757ac18d49c44faed8f5ed7922379b511afebab433cda50152,536329a323379cfb27721057e1db7c2a,BTC:ON:2023-02|NQ:ON:2025-06|as_of:2025-08,2026-07-29
2025-09,93cf5cae1b9cee9c53fe4fa7341478809faf030f694e852d834844e1fee08e34,36aaaeffc93603abf7aab76c9d94ab62,BTC:ON:2023-02|NQ:ON:2025-06|as_of:2025-09,2026-07-29
2025-10,2933d01156641971727dadb31f6fbe3b026e55445c93fdabbf17dc432a2f494f,de5962d487c18a7f07ad525f51e0d8a5,BTC:ON:2023-02|NQ:ON:2025-06|as_of:2025-10,2026-07-29
2025-11,2e08ff983c6de359572cbc5c94a258e09cc730ef7583e3e4297a6d338ea603da,1f03fadff201310d360355200c0a733e,BTC:ON:2023-02|NQ:ON:2025-06|as_of:2025-11,2026-07-29
2025-12,dac15b90113822dbd53653737d04f7a05836205979fce1db812d01e9e91d318a,e120173079bd8b50600fed077ba0dd5e,BTC:OFF:2025-12|NQ:ON:2025-06|as_of:2025-12,2026-07-29
2026-01,7a2ee0216da9a9f193b0ab80bb0af75cc87fa329b27157c83ff4c9bb6d677dc3,1b4369db0ca83adf167549c602a0c265,BTC:OFF:2025-12|NQ:ON:2025-06|as_of:2026-01,2026-07-29
2026-02,2934daace20d375e546bd1d400a474a0320d5209c46c2ab295df14923329032d,fcad0f67b746ea9b09562a0aa1062a98,BTC:OFF:2025-12|NQ:ON:2025-06|as_of:2026-02,2026-07-29
2026-03,2de079e4358527df1ed421b01f27ee496c83e48ae5b1ef44c058f1f4345e90da,a8cd0c2d0b481c822fe3596d33e012a1,BTC:OFF:2025-12|NQ:ON:2025-06|as_of:2026-03,2026-07-29
2026-04,b0e4224cb2e96a9d7a4f0e285c9db52f00df1fdb01b7d14a4f040f51f5bc87d0,91178431a1ea7496d1144fdc7d53a01b,BTC:OFF:2025-12|NQ:OFF:2026-04|as_of:2026-04,2026-07-29
2026-05,8976327403cea8f440559ab9975eb96047c03e3381bfa3e05135b5159419337a,,,2026-07-29
2026-06,29133fa31b6f3f20b22bc95503f406cf71e5aea8d7fb7a7ec430096b8f0e2d2e,,,2026-07-29
2026-07,37005c4fe8f955a08eb0dfcc616c7bcac876af87fd42910568b55dad52e29339,,,2026-08-01
2026-08,f81b4a9d3c32ae08756dc0f31c4380b7e8ea68c212ab5a706fa44bc217985269,,,2026-09-01
