date,nq_price,nq_regime,btc_price,btc_regime
1986-01,132.93,0,,
1986-02,140.43,0,,
1986-03,148.86,0,,
1986-04,154.91,0,,
1986-05,163.16,0,,
1986-06,162.62,0,,
1986-07,144.52,0,,
1986-08,151.7,0,,
1986-09,137.5,0,,
1986-10,144.48,0,,
1986-11,147.94,0,,
1986-12,141.41,0,,
1987-01,166.68,0,,
1987-02,182.75,0,,
1987-03,186.04,0,,
1987-04,184.83,0,,
1987-05,188.77,0,,
1987-06,189.24,0,,
1987-07,196.35,0,,
1987-08,209.57,0,,
1987-09,205.5,0,,
1987-10,150.07,0,,
1987-11,137.13,0,,
1987-12,156.25,0,,
1988-01,159.13,0,,
1988-02,172.64,0,,
1988-03,173.26,0,,
1988-04,175.92,0,,
1988-05,173.34,0,,
1988-06,189.03,0,,
1988-07,181.16,0,,
1988-08,171.0,0,,
1988-09,179.37,0,,
1988-10,174.78,0,,
1988-11,169.19,0,,
1988-12,177.41,0,,
1989-01,186.47,0,,
1989-02,183.79,0,,
1989-03,185.87,0,,
1989-04,200.47,0,,
1989-05,214.54,0,,
1989-06,204.59,0,,
1989-07,214.28,0,,
1989-08,222.0,0,,
1989-09,226.41,0,,
1989-10,222.62,0,,
1989-11,224.44,0,,
1989-12,223.84,0,,
1990-01,201.94,0,,
1990-02,207.91,0,,
1990-03,213.15,0,,
1990-04,205.81,0,,
1990-05,236.15,0,,
1990-06,238.46,0,,
1990-07,223.38,0,,
1990-08,193.62,0,,
1990-09,177.06,0,,
1990-10,172.56,0,,
1990-11,192.66,0,,
1990-12,200.53,0,,
1991-01,232.43,0,,
1991-02,250.12,0,,
1991-03,264.9,0,,
1991-04,263.65,0,,
1991-05,279.0,0,,
1991-06,254.19,0,,
1991-07,272.15,0,,
1991-08,287.4,0,,
1991-09,287.54,0,,
1991-10,292.5,0,,
1991-11,284.79,0,,
1991-12,330.86,0,,
1992-01,338.31,0,,
1992-02,345.88,0,,
1992-03,323.05,0,,
1992-04,307.86,0,,
1992-05,315.3,0,,
1992-06,301.23,0,,
1992-07,310.89,0,,
1992-08,299.26,0,,
1992-09,313.19,0,,
1992-10,329.15,0,,
1992-11,350.96,0,,
1992-12,360.19,0,,
1993-01,370.56,0,,
1993-02,351.14,0,,
1993-03,359.42,0,,
1993-04,339.95,0,,
1993-05,368.11,0,,
1993-06,366.13,0,,
1993-07,352.87,0,,
1993-08,372.65,0,,
1993-09,382.72,0,,
1993-10,390.99,0,,
1993-11,386.76,0,,
1993-12,398.28,0,,
1994-01,413.99,0,,
1994-02,412.17,0,,
1994-03,382.96,0,,
1994-04,373.25,0,,
1994-05,378.85,0,,
1994-06,360.3,0,,
1994-07,370.16,0,,
1994-08,397.9,0,,
1994-09,393.85,0,,
1994-10,413.05,0,,
1994-11,404.82,0,,
1994-12,404.27,0,,
1995-01,405.33,0,,
1995-02,432.5,0,,
1995-03,447.15,0,,
1995-04,469.56,0,,
1995-05,488.1,0,,
1995-06,538.03,0,,
1995-07,568.88,0,,
1995-08,576.77,0,,
1995-09,585.08,0,,
1995-10,598.78,0,,
1995-11,593.72,0,,
1995-12,576.23,0,,
1996-01,591.82,0,,
1996-02,622.83,0,,
1996-03,609.69,0,,
1996-04,666.73,0,,
1996-05,692.39,0,,
1996-06,677.3,0,,
1996-07,636.01,0,,
1996-08,663.57,0,,
1996-09,737.58,0,,
1996-10,751.99,0,,
1996-11,834.01,0,,
1996-12,821.36,0,,
1997-01,921.55,0,,
1997-02,850.46,0,,
1997-03,797.06,0,,
1997-04,874.74,0,,
1997-05,958.85,0,,
1997-06,957.3,0,,
1997-07,1107.03,0,,
1997-08,1074.17,0,,
1997-09,1097.17,0,,
1997-10,1019.62,0,,
1997-11,1050.51,0,,
1997-12,990.8,0,,
1998-01,1071.13,0,,
1998-02,1194.13,0,,
1998-03,1220.66,0,,
1998-04,1248.12,0,,
1998-05,1192.07,0,,
1998-06,1337.34,0,,
1998-07,1377.26,0,,
1998-08,1140.34,0,,
1998-09,1345.48,0,,
1998-10,1400.52,0,,
1998-11,1557.96,0,,
1998-12,1836.01,0,,
1999-01,2127.19,0,,
1999-02,1925.28,0,,
1999-03,2106.39,0,,
1999-04,2136.39,0,,
1999-05,2089.7,0,,
1999-06,2296.77,0,,
1999-07,2270.93,0,,
1999-08,2396.87,0,,
1999-09,2407.9,0,,
1999-10,2637.44,0,,
1999-11,2966.71,0,,
1999-12,3707.83,0,,
2000-01,3570.05,0,,
2000-02,4266.94,0,,
2000-03,4397.84,0,,
2000-04,3773.18,0,,
2000-05,3324.08,0,,
2000-06,3763.79,0,,
2000-07,3609.35,0,,
2000-08,4077.59,0,,
2000-09,3570.61,0,,
2000-10,3282.3,0,,
2000-11,2506.54,0,,
2000-12,2341.7,0,,
2001-01,2593.0,0,,
2001-02,1908.32,0,,
2001-03,1573.25,0,,
2001-04,1855.15,0,,
2001-05,1799.89,0,,
2001-06,1830.19,0,,
2001-07,1683.61,0,,
2001-08,1469.7,0,,
2001-09,1168.37,0,,
2001-10,1364.78,0,,
2001-11,1596.05,0,,
2001-12,1577.05,0,,
2002-01,1550.17,0,,
2002-02,1359.22,0,,
2002-03,1452.81,0,,
2002-04,1277.07,0,,
2002-05,1208.36,0,,
2002-06,1051.41,0,,
2002-07,962.11,0,,
2002-08,942.38,0,,
2002-09,832.52,0,,
2002-10,989.54,0,,
2002-11,1116.1,0,,
2002-12,984.3,0,,
2003-01,996.04,0,,
2003-02,1013.34,0,,
2003-03,1032.91,0,,
2003-04,1116.85,0,,
2003-05,1201.25,1,,
2003-06,1199.83,1,,
2003-07,1298.81,1,,
2003-08,1344.74,1,,
2003-09,1302.26,1,,
2003-10,1411.76,1,,
2003-11,1426.76,1,,
2003-12,1459.06,1,,
2004-01,1487.78,1,,
2004-02,1459.91,1,,
2004-03,1447.95,1,,
2004-04,1401.36,1,,
2004-05,1469.23,1,,
2004-06,1523.48,1,,
2004-07,1412.0,1,,
2004-08,1354.1,1,,
2004-09,1403.89,1,,
2004-10,1475.56,1,,
2004-11,1571.11,1,,
2004-12,1620.31,1,,
2005-01,1513.06,1,,
2005-02,1498.17,1,,
2005-03,1478.66,1,,
2005-04,1422.42,1,,
2005-05,1542.63,1,,
2005-06,1493.52,1,,
2005-07,1605.14,1,,
2005-08,1581.71,1,,
2005-09,1601.66,1,,
2005-10,1579.18,1,,
2005-11,1672.56,1,,
2005-12,1645.2,1,,
2006-01,1710.75,1,,
2006-02,1670.57,1,,
2006-03,1703.66,1,,
2006-04,1700.71,1,,
2006-05,1579.58,1,,
2006-06,1575.23,1,,
2006-07,1509.43,1,,
2006-08,1579.73,1,,
2006-09,1654.13,1,,
2006-10,1732.54,1,,
2006-11,1791.25,1,,
2006-12,1756.9,1,,
2007-01,1792.28,1,,
2007-02,1761.65,1,,
2007-03,1772.36,1,,
2007-04,1867.75,1,,
2007-05,1928.19,1,,
2007-06,1934.1,1,,
2007-07,1932.06,1,,
2007-08,1988.73,1,,
2007-09,2091.11,1,,
2007-10,2238.98,1,,
2007-11,2089.1,1,,
2007-12,2084.93,1,,
2008-01,1841.42,1,,
2008-02,1745.27,1,,
2008-03,1781.93,1,,
2008-04,1917.7,1,,
2008-05,2032.57,1,,
2008-06,1837.09,1,,
2008-07,1849.15,1,,
2008-08,1872.54,1,,
2008-09,1594.63,1,,
2008-10,1334.78,1,,
2008-11,1185.75,1,,
2008-12,1211.65,1,,
2009-01,1180.25,1,,
2009-02,1116.99,1,,
2009-03,1237.01,1,,
2009-04,1394.33,1,,
2009-05,1435.57,1,,
2009-06,1477.25,1,,
2009-07,1603.36,1,,
2009-08,1625.19,1,,
2009-09,1718.99,1,,
2009-10,1667.13,1,,
2009-11,1767.43,1,,
2009-12,1860.31,1,,
2010-01,1741.04,1,,
2010-02,1818.68,1,,
2010-03,1958.34,1,,
2010-04,2000.63,1,,
2010-05,1852.39,1,,
2010-06,1739.14,1,,
2010-07,1864.0,1,,
2010-08,1767.43,1,,
2010-09,1998.04,1,,
2010-10,2124.45,1,,
2010-11,2117.33,1,,
2010-12,2217.86,1,,
2011-01,2281.91,1,,
2011-02,2350.99,1,,
2011-03,2338.99,1,,
2011-04,2404.08,1,,
2011-05,2372.54,1,,
2011-06,2325.07,1,,
2011-07,2362.81,1,,
2011-08,2241.01,1,,
2011-09,2139.18,1,,
2011-10,2360.08,1,,
2011-11,2295.2,1,,
2011-12,2277.83,1,,
2012-01,2467.95,1,,
2012-02,2623.1,1,,
2012-03,2755.27,1,,
2012-04,2723.68,1,,
2012-05,2524.87,1,,
2012-06,2615.72,1,,
2012-07,2642.53,1,,
2012-08,2772.24,1,,
2012-09,2799.19,1,,
2012-10,2647.92,1,,
2012-11,2677.88,1,,
2012-12,2660.93,1,,
2013-01,2731.53,1,,
2013-02,2738.58,1,,
2013-03,2818.69,1,,
2013-04,2887.44,1,,
2013-05,2981.76,1,,
2013-06,2909.6,1,,
2013-07,3090.19,1,,
2013-08,3073.81,1,,
2013-09,3218.2,1,,
2013-10,3377.73,1,,
2013-11,3487.82,1,,
2013-12,3592.0,1,,
2014-01,3521.92,1,,
2014-02,3696.1,1,,
2014-03,3595.74,1,,
2014-04,3582.02,1,,
2014-05,3736.82,1,,
2014-06,3849.48,1,,
2014-07,3892.5,1,,
2014-08,4082.56,1,,
2014-09,4049.44,1,,
2014-10,4158.21,1,,
2014-11,4337.78,1,,
2014-12,4236.28,1,340.0,0.0
2015-01,4148.43,1,218.45,0.0
2015-02,4440.67,1,255.59,0.0
2015-03,4333.69,1,245.5,0.0
2015-04,4414.25,1,236.81,0.0
2015-05,4508.25,1,230.21,0.0
2015-06,4396.76,1,263.82,0.0
2015-07,4588.91,1,285.19,0.0
2015-08,4274.58,1,230.75,0.0
2015-09,4181.06,0,237.14,0.0
2015-10,4648.83,0,314.85,0.0
2015-11,4664.51,1,376.86,1.0
2015-12,4593.27,1,430.35,1.0
2016-01,4279.17,1,367.95,1.0
2016-02,4201.12,1,436.44,1.0
2016-03,4483.66,1,416.03,1.0
2016-04,4341.3,1,454.02,1.0
2016-05,4523.89,1,531.34,1.0
2016-06,4417.7,1,673.49,1.0
2016-07,4730.23,1,626.97,1.0
2016-08,4771.05,1,572.89,1.0
2016-09,4875.7,1,608.99,1.0
2016-10,4801.27,1,696.9,1.0
2016-11,4810.81,1,742.69,1.0
2016-12,4863.62,1,973.37,1.0
2017-01,5116.77,1,970.01,1.0
2017-02,5330.31,1,1195.08,1.0
2017-03,5436.23,1,1088.99,1.0
2017-04,5583.53,1,1384.55,1.0
2017-05,5788.8,1,2303.29,1.0
2017-06,5646.92,1,2455.19,1.0
2017-07,5880.33,1,2856.88,1.0
2017-08,5988.6,1,4743.94,1.0
2017-09,5979.3,1,4339.0,1.0
2017-10,6248.56,1,6445.01,1.0
2017-11,6365.56,1,9903.0,1.0
2017-12,6396.42,1,13863.13,1.0
2018-01,6949.99,1,10099.99,1.0
2018-02,6854.42,1,10307.27,1.0
2018-03,6581.13,1,6928.5,1.0
2018-04,6605.57,1,9243.82,0.0
2018-05,6967.73,1,7485.0,0.0
2018-06,7040.8,1,6383.19,0.0
2018-07,7231.98,1,7727.27,0.0
2018-08,7654.55,1,7015.01,0.0
2018-09,7627.65,1,6605.0,0.0
2018-10,6967.1,1,6304.18,0.0
2018-11,6949.01,0,3976.0,0.0
2018-12,6329.96,0,3691.86,0.0
2019-01,6906.84,0,3411.5,0.0
2019-02,7097.53,0,3792.14,0.0
2019-03,7378.77,0,4094.99,0.0
2019-04,7781.46,1,5270.69,0.0
2019-05,7127.96,1,8550.18,1.0
2019-06,7671.07,0,10778.74,1.0
2019-07,7848.78,0,10099.0,1.0
2019-08,7691.0,1,9593.95,1.0
2019-09,7749.45,1,8305.14,1.0
2019-10,8083.83,1,9146.75,1.0
2019-11,8403.68,1,7551.7,1.0
2019-12,8733.07,1,7158.01,1.0
2020-01,8991.51,1,9343.28,1.0
2020-02,8461.83,1,8552.08,1.0
2020-03,7813.5,1,6434.73,0.0
2020-04,9000.51,0,8652.3,0.0
2020-05,9555.52,1,9435.8,1.0
2020-06,10156.85,1,9129.47,1.0
2020-07,10905.88,1,11372.76,1.0
2020-08,12110.7,1,11665.93,1.0
2020-09,11418.06,1,10783.24,1.0
2020-10,11052.95,1,13745.02,1.0
2020-11,12268.32,1,19727.0,1.0
2020-12,12888.28,1,29026.97,1.0
2021-01,12925.38,1,33076.09,1.0
2021-02,12909.44,1,45352.29,1.0
2021-03,13091.44,1,58837.71,1.0
2021-04,13860.76,1,57640.17,1.0
2021-05,13686.51,1,37153.71,1.0
2021-06,14554.8,1,34995.83,1.0
2021-07,14959.9,1,41472.42,1.0
2021-08,15582.51,1,47065.73,1.0
2021-09,14689.62,1,43834.03,1.0
2021-10,15850.47,1,61333.45,1.0
2021-11,16135.92,1,56879.47,1.0
2021-12,16320.08,1,46244.63,1.0
2022-01,14930.05,1,38430.3,0.0
2022-02,14237.81,0,43206.02,0.0
2022-03,14838.49,0,45475.83,0.0
2022-04,12854.8,0,37658.53,0.0
2022-05,12642.1,0,31804.27,0.0
2022-06,11503.72,0,19837.58,0.0
2022-07,12947.97,0,23296.14,0.0
2022-08,12272.03,0,20025.48,0.0
2022-09,10971.22,0,19415.8,0.0
2022-10,11405.57,0,20472.79,0.0
2022-11,12030.06,0,17179.78,0.0
2022-12,10939.76,0,16531.0,0.0
2023-01,12101.93,0,23134.74,0.0
2023-02,12042.12,1,23146.93,1.0
2023-03,13181.35,1,28492.72,1.0
2023-04,13245.99,1,29271.16,1.0
2023-05,14254.09,1,27222.9,1.0
2023-06,15179.21,1,30475.82,1.0
2023-07,15757.0,1,29223.31,1.0
2023-08,15501.07,1,25922.51,1.0
2023-09,14715.24,1,26959.4,1.0
2023-10,14409.78,1,34667.88,1.0
2023-11,15947.87,1,37743.0,1.0
2023-12,16825.93,1,42300.78,1.0
2024-01,17137.24,1,42599.49,1.0
2024-02,18043.85,1,61240.13,1.0
2024-03,18254.69,1,71213.11,1.0
2024-04,17440.69,1,60690.8,1.0
2024-05,18536.65,1,67506.03,1.0
2024-06,19682.87,1,62678.1,1.0
2024-07,19362.43,1,64607.71,1.0
2024-08,19574.64,1,58956.52,1.0
2024-09,20060.69,1,60790.0,1.0
2024-10,19890.42,1,69467.29,1.0
2024-11,20930.37,1,97263.18,1.0
2024-12,21012.17,1,94383.59,1.0
2025-01,21478.05,1,100623.85,1.0
2025-02,20884.41,1,86018.76,1.0
2025-03,19278.45,1,85170.37,1.0
2025-04,19571.02,0,96524.98,1.0
2025-05,21340.99,0,105697.94,1.0
2025-06,22679.01,1,105711.78,1.0
2025-07,23218.12,1,113248.73,1.0
2025-08,23415.42,1,109240.55,1.0
2025-09,24679.99,1,118659.97,1.0
2025-10,25858.13,1,110052.25,1.0
2025-11,25434.89,1,87446.89,1.0
2025-12,25249.85,1,87696.0,0.0
2026-01,25552.39,1,78727.3,0.0
2026-02,24960.04,1,66680.36,0.0
2026-03,23740.19,1,68133.96,0.0
