period,net_liquidity_usd
2002-12,726740500000.0
2003-01,707132200000.0
2003-02,714387500000.0
2003-03,718519000000.0
2003-04,736775600000.0
2003-05,738222500000.0
2003-06,735118500000.0
2003-07,734083800000.0
2003-08,734920000000.0
2003-09,735390000000.0
2003-10,741996000000.0001
2003-11,748481500000.0001
2003-12,764484200000.0001
2004-01,747221000000.0
2004-02,745570000000.0
2004-03,755225200000.0
2004-04,766866500000.0
2004-05,765606749999.9999
2004-06,773982000000.0
2004-07,768956000000.0
2004-08,770684500000.0
2004-09,780817000000.0
2004-10,786287000000.0
2004-11,805073500000.0
2004-12,805941200000.0
2005-01,802055000000.0
2005-02,799536750000.0
2005-03,802714800000.0001
2005-04,804482500000.0001
2005-05,805159749999.9999
2005-06,805092600000.0
2005-07,809513000000.0
2005-08,818257800000.0
2005-09,818410000000.0
2005-10,814268000000.0
2005-11,830118600000.0
2005-12,842554250000.0
2006-01,823987750000.0
2006-02,835378499999.9999
2006-03,828649200000.0
2006-04,839495500000.0
2006-05,846369000000.0
2006-06,839402500000.0
2006-07,836439000000.0
2006-08,846084599999.9999
2006-09,845052750000.0
2006-10,847183750000.0
2006-11,851737200000.0
2006-12,864711500000.0
2007-01,860794600000.0
2007-02,872477750000.0
2007-03,864762750000.0
2007-04,868453750000.0
2007-05,866491400000.0
2007-06,860031500000.0
2007-07,859203750000.0
2007-08,867965400000.0
2007-09,884995749999.9999
2007-10,878408000000.0
2007-11,874317750000.0
2007-12,885125500000.0
2008-01,894465000000.0
2008-02,888958750000.0
2008-03,882675666666.6666
2008-04,879143399999.9999
2008-05,899257250000.0
2008-06,887790750000.0
2008-07,913535800000.0
2008-08,905149000000.0
2008-09,1182617166666.667
2008-10,1914807977777.7776
2008-11,2027307333333.3333
2008-12,2128382600000.0
2009-01,1878579000000.0
2009-02,1879843000000.0
2009-03,2008527250000.0
2009-04,2011618000000.0
2009-05,2020197000000.0
2009-06,1969347750000.0
2009-07,1947104000000.0
2009-08,2031134750000.0
2009-09,2107232800000.0
2009-10,2113673500000.0
2009-11,2153437500000.0
2009-12,2161806800000.0
2010-01,2098468250000.0
2010-02,2218942250000.0
2010-03,2261009600000.0005
2010-04,2296970250000.0005
2010-05,2294489000000.0
2010-06,2294632200000.0
2010-07,2291008999999.9995
2010-08,2273171000000.0
2010-09,2257997200000.0
2010-10,2253202500000.0
2010-11,2319241250000.0
2010-12,2367448800000.0
2011-01,2354738250000.0
2011-02,2466843000000.0
2011-03,2567826600000.0005
2011-04,2626574750000.0
2011-05,2677414500000.0
2011-06,2789449700000.0
2011-07,2789916750000.0
2011-08,2825243999999.9995
2011-09,2812273249999.9995
2011-10,2802351750000.0
2011-11,2771693600000.0
2011-12,2860889500000.0
2012-01,2830888500000.0
2012-02,2853955000000.0005
2012-03,2811264500000.0
2012-04,2808532750000.0005
2012-05,2744305400000.0
2012-06,2776911250000.0
2012-07,2772810250000.0
2012-08,2781735200000.0
2012-09,2750641499999.9995
2012-10,2758285400000.0
2012-11,2820431250000.0
2012-12,2861418500000.0
2013-01,2942991600000.0005
2013-02,3048831000000.0
2013-03,3147461500000.0
2013-04,3231448249999.9995
2013-05,3297556200000.0
2013-06,3416265250000.0
2013-07,3492585200000.0
2013-08,3587938500000.0
2013-09,3673842083333.3335
2013-10,3803745381818.182
2013-11,3875448986842.1055
2013-12,3938700178571.428
2014-01,3934836200000.0
2014-02,4009881144736.842
2014-03,4067765714285.714
2014-04,4091855550000.0
2014-05,4073262892857.143
2014-06,4183381392857.143
2014-07,4215392309090.909
2014-08,4218810773809.524
2014-09,4223761119047.619
2014-10,4229034981818.181
2014-11,4255386972222.223
2014-12,4283806363636.3633
2015-01,4189480800000.001
2015-02,4226184171052.6313
2015-03,4325477159090.9087
2015-04,4266874500000.0
2015-05,4156456149999.999
2015-06,4181916409090.9097
2015-07,4173809027272.728
2015-08,4215184238095.238
2015-09,4265529009523.8096
2015-10,4289193916666.666
2015-11,4268857368421.052
2015-12,4114693354545.455
2016-01,4064977276315.79
2016-02,4141091450000.001
2016-03,4161295857142.857
2016-04,4160461464285.714
2016-05,4112357952380.952
2016-06,4111157190909.091
2016-07,4076166250000.0
2016-08,4105720886956.522
2016-09,4010923523809.524
2016-10,3881343950000.001
2016-11,3914286700000.0
2016-12,3849435142857.143
2017-01,3916905350000.0
2017-02,4025391828947.3687
2017-03,4158842460869.566
2017-04,4183418555555.556
2017-05,4091136736363.636
2017-06,4091021181818.1816
2017-07,4131733600000.0
2017-08,4214768182608.6953
2017-09,4201918100000.0
2017-10,4163149130952.381
2017-11,4210401447619.048
2017-12,4195568550000.001
2018-01,4135147352380.9526
2018-02,4153073657894.736
2018-03,4112136800000.0
2018-04,4058179190476.1904
2018-05,3974237200000.001
2018-06,3968906833333.333
2018-07,3939226178571.4287
2018-08,3874939200000.0
2018-09,3851204565789.4736
2018-10,3783123045454.545
2018-11,3759098800000.0
2018-12,3720623833333.333
2019-01,3658528600000.0
2019-02,3633167131578.948
2019-03,3684307666666.667
2019-04,3617932800000.0
2019-05,3528634827272.7275
2019-06,3602567100000.0
2019-07,3569480618181.818
2019-08,3620062113636.3633
2019-09,3628987550000.001
2019-10,3665408445454.5454
2019-11,3674120763157.895
2019-12,3815995904761.905
2020-01,3760307104761.905
2020-02,3733410013157.895
2020-03,4826819750000.0
2020-04,5828021304761.904
2020-05,5892746299999.999
2020-06,5550345386363.636
2020-07,5231476790909.091
2020-08,5320100666666.666
2020-09,5411031980952.381
2020-10,5450344369047.619
2020-11,5642270078947.367
2020-12,5805052936363.636
2021-01,5774161184210.526
2021-02,6006057118421.052
2021-03,6440376800000.0
2021-04,6731791809523.811
2021-05,6745292600000.0
2021-06,6706842636363.637
2021-07,6694459083333.333
2021-08,6888051613636.364
2021-09,6983644809523.809
2021-10,7002890550000.001
2021-11,7008111950000.0
2021-12,7023689881818.181
2022-01,6783663900000.0
2022-02,6592600000000.0
2022-03,6679958895652.174
2022-04,6472256600000.001
2022-05,6102289678571.43
2022-06,6014401038095.237
2022-07,6053972950000.001
2022-08,6058121852173.913
2022-09,5898470714285.713
2022-10,5877642150000.0
2022-11,5913755999999.998
2022-12,5947579309523.809
2023-01,5932765400000.001
2023-02,5797468868421.053
2023-03,6242132999999.999
2023-04,6110599657894.736
2023-05,6013495263636.363
2023-06,6083510250000.001
2023-07,5963837399999.999
2023-08,5900700043478.261
2023-09,5928770800000.0
2023-10,5984738416666.666
2023-11,6071582038095.238
2023-12,6203986100000.0
2024-01,6218165723809.524
2024-02,6225393850000.0
2024-03,6225614299999.999
2024-04,6162818522727.273
2024-05,6027703827272.728
2024-06,6086192539473.684
2024-07,6012477745454.545
2024-08,6028884272727.273
2024-09,5979342350000.0
2024-10,5916461327272.728
2024-11,5921102684210.526
2024-12,5940256511904.762
2025-01,5969586885714.286
2025-02,5894794552631.578
2025-03,6097257940476.19
2025-04,6114820657142.857
2025-05,5983652904761.905
2025-06,6114095299999.999
2025-07,6112023181818.182
2025-08,6037750440476.19
2025-09,5876480392857.144
2025-10,5718333845454.546
2025-11,5611001249999.999
2025-12,5769903372727.272
2026-01,5742413150000.0
2026-02,5704956342105.263
2026-03,5806298909090.909
2026-04,5831347619047.619
2026-05,5868401050000.0
2026-06,5855673380952.381
