period,price,regime_on,fwd_ret_tr,rf_fwd_1m
2007-04,105.61000061035156,0,0.0037316215231681,0.0039416666666666
2007-05,105.70999908447266,0,-0.0315244367570459,0.0038416666666666
2007-06,101.80999755859376,0,-0.038802313730463,0.0040166666666666
2007-07,97.27999877929688,0,0.0519399249061327,0.0035
2007-08,101.66999816894533,0,0.029224576301692,0.0032416666666666
2007-09,104.0,0,0.0047887609072334,0.00325
2007-10,103.8499984741211,0,-0.0112434904768407,0.002725
2007-11,102.01000213623048,0,-0.0008244185996977,0.0025
2007-12,100.72000122070312,0,-0.0182680575193481,0.0022916666666666
2008-01,98.87999725341795,0,-0.0186942421541151,0.0017666666666666
2008-02,96.37999725341795,0,0.009460494575221,0.00105
2008-03,96.66999816894533,0,0.0339700382673262,0.001075
2008-04,99.29000091552734,0,-0.0050854352653464,0.0014416666666666
2008-05,98.22000122070312,0,-0.0367468757043634,0.00155
2008-06,94.0,0,0.0059030859363982,0.0013583333333333
2008-07,93.9000015258789,0,-0.0089776820629682,0.0014333333333333
2008-08,92.4000015258789,0,-0.106559572378979,0.0009416666666666
2008-09,82.0,0,-0.1144996040154127,0.0005583333333333
2008-10,72.0,0,-0.0709579096922281,0.0001583333333333
2008-11,66.25,0,0.1676614717412294,2.5e-05
2008-12,76.01000213623047,0,-0.0101291160823751,0.0001083333333333
2009-01,75.23999786376953,0,-0.0971580457870682,0.00025
2009-02,67.25,0,0.0190729626854617,0.000175
2009-03,67.80000305175781,0,0.1384602281397606,0.0001333333333333
2009-04,76.2699966430664,0,0.0285538061004506,0.00015
2009-05,77.83999633789062,1,0.033518404775759,0.00015
2009-06,79.70999908447266,1,0.0691899628385537,0.00015
2009-07,84.44999694824219,1,-0.0169685738528536,0.0001416666666666
2009-08,82.31999969482422,1,0.0579903697506134,0.0001
2009-09,86.3499984741211,1,-0.0054290913646822,5.833333333333334e-05
2009-10,85.18000030517578,1,0.0168447158652489,4.1666666666666665e-05
2009-11,85.9000015258789,1,0.0368467267718153,4.1666666666666665e-05
2009-12,87.83999633789062,1,-0.01832861495982,5e-05
2010-01,86.2300033569336,1,0.0187342436269162,9.166666666666668e-05
2010-02,87.16999816894531,1,0.0213347957909117,0.000125
2010-03,88.37000274658203,1,0.019244967575795,0.0001333333333333
2010-04,89.4000015258789,1,-0.0467550981253793,0.0001333333333333
2010-05,84.61000061035156,1,0.0111112262421992,0.0001
2010-06,84.9000015258789,1,0.0515325000874415,0.0001333333333333
2010-07,88.62000274658203,1,-0.0098958151815069,0.0001333333333333
2010-08,87.1500015258789,1,0.0365795857631741,0.000125
2010-09,89.69000244140625,1,0.0183715176605738,0.0001083333333333
2010-10,90.73999786376952,1,-0.0127467396569186,0.0001166666666666
2010-11,88.98999786376953,1,0.0279293488175509,0.0001166666666666
2010-12,90.29000091552734,1,0.0165027599644855,0.000125
2011-01,91.77999877929688,1,0.0143532419621872,0.0001083333333333
2011-02,92.5,1,0.0004250234184222,8.333333333333333e-05
2011-03,91.95999908447266,1,0.0159749819069034,5e-05
2011-04,92.8499984741211,1,0.0013330127546296,3.3333333333333335e-05
2011-05,92.4000015258789,1,-0.0057052521762765,3.3333333333333335e-05
2011-06,91.30999755859376,1,0.0035487701773131,3.3333333333333335e-05
2011-07,91.0500030517578,1,-0.027282675159345,1.6666666666666667e-05
2011-08,88.02999877929688,1,-0.0530141911774079,8.333333333333334e-06
2011-09,82.83000183105469,1,0.0849172492627812,1.6666666666666667e-05
2011-10,89.27999877929688,1,-0.0242692242941524,8.333333333333334e-06
2011-11,86.5999984741211,1,0.0455206748991317,8.333333333333334e-06
2011-12,89.43000030517578,1,0.0146478548044362,2.5e-05
2012-01,90.73999786376952,1,0.0210236946111896,7.5e-05
2012-02,92.12999725341795,1,-0.0095311138105924,6.666666666666667e-05
2012-03,90.72000122070312,1,0.0113663269964305,6.666666666666667e-05
2012-04,91.1999969482422,1,-0.0322080294027101,7.5e-05
2012-05,87.7699966430664,0,0.0465680649086737,7.5e-05
2012-06,91.29000091552734,0,0.0102227660139355,8.333333333333333e-05
2012-07,91.6999969482422,1,0.0124462913936982,8.333333333333333e-05
2012-08,92.33000183105467,1,0.0052058718517,9.166666666666668e-05
2012-09,92.3000030517578,1,0.0084404893129121,8.333333333333333e-05
2012-10,92.58999633789062,1,0.0049680817082173,7.5e-05
2012-11,93.0500030517578,1,0.0140137779328248,5.833333333333334e-05
2012-12,93.3499984741211,1,0.0034277117989354,5.833333333333334e-05
2013-01,93.66999816894533,1,0.0093267200505591,8.333333333333333e-05
2013-02,94.04000091552734,1,0.0087241786959462,7.5e-05
2013-03,94.3499984741211,1,0.0211804230807381,5e-05
2013-04,95.8499984741211,1,-0.0258127258783081,3.3333333333333335e-05
2013-05,92.91999816894533,1,-0.0168862069177019,4.1666666666666665e-05
2013-06,90.87999725341795,1,0.028540101492029,3.3333333333333335e-05
2013-07,92.9800033569336,1,-0.012720556381406,3.3333333333333335e-05
2013-08,91.3499984741211,1,0.0078132005353543,1.6666666666666667e-05
2013-09,91.58000183105467,1,0.0251826734269942,4.1666666666666665e-05
2013-10,93.43000030517578,1,0.0047318642407223,5.833333333333334e-05
2013-11,93.41999816894533,1,0.0040668548450824,5.833333333333334e-05
2013-12,92.87999725341795,1,0.0039833912649767,3.3333333333333335e-05
2014-01,93.25,1,0.0230853460001176,4.1666666666666665e-05
2014-02,94.93000030517578,1,-0.0008157521515569,4.1666666666666665e-05
2014-03,94.38999938964844,1,0.0042046427097599,2.5e-05
2014-04,94.33999633789062,1,0.0120643786997614,2.5e-05
2014-05,95.0500030517578,1,0.0061187063550938,3.3333333333333335e-05
2014-06,95.1999969482422,1,-0.0243180879745451,2.5e-05
2014-07,92.4800033569336,1,0.0238022407380671,2.5e-05
2014-08,94.23999786376952,1,-0.0198272105996385,1.6666666666666667e-05
2014-09,91.9499969482422,1,0.0106056375173788,1.6666666666666667e-05
2014-10,92.52999877929688,1,-0.0108109957432287,1.6666666666666667e-05
2014-11,91.12999725341795,1,-0.0080304062631493,2.5e-05
2014-12,89.5999984741211,1,0.0070305833070924,2.5e-05
2015-01,90.2300033569336,0,0.0223112517628802,1.6666666666666667e-05
2015-02,91.87000274658205,0,-0.0094781525917414,2.5e-05
2015-03,90.61000061035156,0,0.0087141384786684,1.6666666666666667e-05
2015-04,90.98999786376952,0,0.0035543738718255,1.6666666666666667e-05
2015-05,90.91000366210938,0,-0.0188711680991554,1.6666666666666667e-05
2015-06,88.80000305175781,0,-0.0049203987756816,2.5e-05
2015-07,87.97000122070312,0,-0.0152328923366864,5.833333333333334e-05
2015-08,86.23999786376953,0,-0.0298987895548993,1.6666666666666667e-05
2015-09,83.29000091552734,0,0.0323072357317923,1.6666666666666667e-05
2015-10,85.56999969482422,0,-0.0249600370247931,0.0001
2015-11,83.05000305175781,0,-0.0199228641426358,0.0001916666666666
2015-12,80.58000183105469,0,-0.016009017773805,0.0002166666666666
2016-01,79.29000091552734,0,0.0149680786218735,0.0002583333333333
2016-02,80.08000183105469,0,0.0254709537389086,0.0002416666666666
2016-03,81.69000244140625,0,0.0312262288009628,0.0001916666666666
2016-04,83.8499984741211,1,0.0017003621744933,0.000225
2016-05,83.61000061035156,1,0.017931096080183,0.000225
2016-06,84.69999694824219,1,0.0131317090291305,0.00025
2016-07,85.41000366210938,1,0.0196757040576032,0.00025
2016-08,86.69999694824219,1,0.0107843894510744,0.0002416666666666
2016-09,87.26000213623047,1,-0.0098299224399598,0.000275
2016-10,86.0199966430664,1,0.0001862835572825,0.000375
2016-11,85.6500015258789,1,0.0183884536348239,0.000425
2016-12,86.55000305175781,1,0.0091281823139925,0.000425
2017-01,87.33999633789062,1,0.015317806439373,0.0004333333333333
2017-02,88.29000091552734,1,-0.0014334330533924,0.0006166666666666
2017-03,87.77999877929688,1,0.0081571936478914,0.0006666666666666
2017-04,88.12000274658203,1,0.0103141469743603,0.0007416666666666
2017-05,88.6500015258789,1,0.0013248643413847,0.0008166666666666
2017-06,88.38999938964844,1,0.0101922837511989,0.0008916666666666
2017-07,88.91000366210938,1,0.0006543301835202,0.0008416666666666
2017-08,88.5999984741211,1,0.0060077275236387,0.0008583333333333
2017-09,88.76000213623047,1,0.0008482656377049,0.0008916666666666
2017-10,88.47000122070312,1,-0.003677394604702,0.001025
2017-11,87.77999877929688,1,0.0024572387171715,0.0011
2017-12,87.26000213623047,1,0.0004577855494665,0.001175
2018-01,87.30000305175781,1,-0.008672608795705,0.0013083333333333
2018-02,86.18000030517578,0,-0.0023185885542161,0.0014166666666666
2018-03,85.63999938964844,0,0.0047953026487252,0.0014666666666666
2018-04,85.69999694824219,0,0.0005044857668743,0.00155
2018-05,85.37999725341797,0,0.0009878285654545,0.0015833333333333
2018-06,85.08000183105469,0,0.0167774065605088,0.0016333333333333
2018-07,86.12000274658203,0,0.007078295513516,0.0016916666666666
2018-08,86.36000061035156,0,0.005245255240323,0.0017749999999999
2018-09,86.44000244140625,0,-0.0197679687506258,0.001875
2018-10,84.3499984741211,0,-0.0039909388717064,0.0019416666666666
2018-11,83.5999984741211,0,-0.0208875360154686,0.001975
2018-12,81.0999984741211,0,0.049444608393506,0.001975
2019-01,85.11000061035156,1,0.0121464144026095,0.0019916666666666
2019-02,85.75,1,0.012908230752441,0.002
2019-03,86.47000122070312,1,0.0098620740146881,0.0019833333333333
2019-04,86.94000244140625,1,-0.0193360777168272,0.0019583333333333
2019-05,84.9000015258789,0,0.0315450073760343,0.0018083333333333
2019-06,87.18000030517578,0,0.0015668204346015,0.00175
2019-07,86.93000030517578,1,0.0068967748401758,0.001625
2019-08,87.16000366210938,1,0.0043898714929377,0.001575
2019-09,87.16999816894531,1,-0.000115476903302,0.001375
2019-10,86.80999755859375,1,0.0056799116176593,0.0012833333333333
2019-11,86.94000244140625,1,0.0191126312223419,0.0012833333333333
2019-12,87.94000244140625,1,-0.0046620441833765,0.0012666666666666
2020-01,87.52999877929688,1,-0.0128952306783697,0.0012666666666666
2020-02,86.04000091552734,0,-0.1002804043404423,0.0002416666666666
2020-03,77.06999969482422,0,0.0488361244599742,0.0001166666666666
2020-04,80.43000030517578,0,0.029465120662343,0.0001083333333333
2020-05,82.41999816894531,0,-0.0058340658915017,0.0001333333333333
2020-06,81.62000274658203,0,0.0506044689659228,0.0001083333333333
2020-07,85.38999938964844,1,-0.0002235485324109,8.333333333333333e-05
2020-08,85.02999877929688,1,-0.0093165844267103,9.166666666666668e-05
2020-09,83.9000015258789,1,0.004033922264288,8.333333333333333e-05
2020-10,83.87999725341797,1,0.0335130845389617,7.5e-05
2020-11,86.31999969482422,1,0.0195787543588408,7.5e-05
2020-12,87.30000305175781,1,-0.003779799050527,6.666666666666667e-05
2021-01,86.97000122070312,1,-0.0024468533961706,3.3333333333333335e-05
2021-02,86.44000244140625,1,0.0121555587968911,2.5e-05
2021-03,87.18000030517578,1,0.0063767668858736,1.6666666666666667e-05
2021-04,87.44000244140625,1,0.0003896485453467,1.6666666666666667e-05
2021-05,87.18000030517578,1,0.0132469404947048,3.3333333333333335e-05
2021-06,88.04000091552734,1,0.0010482619624803,4.1666666666666665e-05
2021-07,87.83999633789062,1,0.0060874479697745,4.1666666666666665e-05
2021-08,88.08999633789062,1,-0.0037006723485299,3.3333333333333335e-05
2021-09,87.48999786376953,1,-0.0031077921063946,4.1666666666666665e-05
2021-10,86.93000030517578,1,-0.0116904951206736,4.1666666666666665e-05
2021-11,85.63999938964844,0,0.022841187399347,5e-05
2021-12,87.01000213623047,0,-0.0265483787247047,0.000125
2022-01,84.69999694824219,0,-0.008590414627338,0.000275
2022-02,83.66999816894531,0,-0.0128712969773141,0.0003666666666666
2022-03,82.29000091552734,0,-0.0418033207642188,0.0006333333333333
2022-04,78.52999877929688,0,0.016299444987208,0.0008166666666666
2022-05,79.5,0,-0.0704988350567302,0.0012416666666666
2022-06,73.61000061035156,0,0.0669886034458744,0.0018583333333333
2022-07,78.19000244140625,0,-0.0430888083684219,0.0021916666666666
2022-08,74.52999877929688,0,-0.0374032389826761,0.0026083333333333
2022-09,71.38999938964844,0,0.0336575803282055,0.0031
2022-10,73.43000030517578,0,0.0343130938393767,0.0034583333333333
2022-11,75.66000366210938,0,-0.0175692991126572,0.0035416666666666
2022-12,73.62999725341797,0,0.0366699571275843,0.0037833333333333
2023-01,76.33000183105469,1,-0.0188518954913486,0.003875
2023-02,74.52999877929688,1,0.0198434787261929,0.0039083333333333
2023-03,75.55000305175781,1,0.0020210500360324,0.0041
2023-04,75.36000061035156,1,-0.0123144149897613,0.0042833333333333
2023-05,74.11000061035156,1,0.0178017623614354,0.0043
2023-06,75.06999969482422,1,0.0111562793427728,0.0043749999999999
2023-07,75.5,1,0.0018364433065827,0.0044166666666666
2023-08,75.27999877929688,1,-0.0161349848486174,0.0044333333333333
2023-09,73.72000122070312,1,-0.0104318344405198,0.00445
2023-10,72.56999969482422,0,0.0488761217130229,0.0043916666666666
2023-11,75.70999908447266,1,0.0319258084186222,0.0043666666666666
2023-12,77.38999938964844,1,0.0011628199276145,0.00435
2024-01,77.4800033569336,1,0.0030356352838549,0.0043666666666666
2024-02,77.33000183105469,1,0.0108982260974994,0.0043666666666666
2024-03,77.7300033569336,1,-0.0135124747947161,0.0043666666666666
2024-04,76.29000091552734,1,0.0163389394580106,0.0043749999999999
2024-05,77.12999725341797,1,0.0047936006945037,0.0043666666666666
2024-06,77.13999938964844,1,0.0235224334390999,0.0043333333333333
2024-07,78.54000091552734,1,0.0154740891756899,0.0042083333333333
2024-08,79.33999633789062,1,0.0169708143043756,0.0039333333333333
2024-09,80.30000305175781,1,-0.0096360888812003,0.0037583333333333
2024-10,79.13999938964844,1,0.0164456984781382,0.0036833333333333
2024-11,80.04000091552734,1,-0.0078025034116288,0.0035583333333333
2024-12,78.6500015258789,1,0.0136042281093926,0.0035083333333333
2025-01,79.72000122070312,1,0.0097025973928783,0.0035166666666666
2025-02,80.12999725341797,1,-0.0108579229083149,0.0035
2025-03,78.88999938964844,0,0.0011717258463324,0.0035083333333333
2025-04,78.5999984741211,0,0.0175322411410534,0.0035416666666666
2025-05,79.56999969482422,1,0.0183851483707186,0.003525
2025-06,80.6500015258789,1,0.0013577369539383,0.0035416666666666
2025-07,80.37999725341797,1,0.011053432520607,0.0034333333333333
2025-08,80.86000061035156,1,0.0088597980236742,0.0032666666666666
2025-09,81.19000244140625,1,-0.0001114702712714,0.0031833333333333
2025-10,80.80000305175781,1,0.0074635456487761,0.00315
2025-11,80.98999786376953,1,0.0049258365410806,0.0029916666666666
2025-12,80.62999725341797,1,0.0060771507088748,0.0029749999999999
2026-01,81.12000274658203,1,-1.2246745499711054e-05,0.003
2026-02,80.72000122070312,1,-0.0095362814278723,0.0030083333333333
