period,regime_on,rf_fwd_1m
2007-04,0,0.0039416666666666
2007-05,0,0.0038416666666666
2007-06,0,0.0040166666666666
2007-07,0,0.0035
2007-08,0,0.0032416666666666
2007-09,0,0.00325
2007-10,0,0.002725
2007-11,0,0.0025
2007-12,0,0.0022916666666666
2008-01,0,0.0017666666666666
2008-02,0,0.00105
2008-03,0,0.001075
2008-04,0,0.0014416666666666
2008-05,0,0.00155
2008-06,0,0.0013583333333333
2008-07,0,0.0014333333333333
2008-08,0,0.0009416666666666
2008-09,0,0.0005583333333333
2008-10,0,0.0001583333333333
2008-11,0,2.5e-05
2008-12,0,0.0001083333333333
2009-01,0,0.00025
2009-02,0,0.000175
2009-03,0,0.0001333333333333
2009-04,0,0.00015
2009-05,1,0.00015
2009-06,1,0.00015
2009-07,1,0.0001416666666666
2009-08,1,0.0001
2009-09,1,5.833333333333334e-05
2009-10,1,4.1666666666666665e-05
2009-11,1,4.1666666666666665e-05
2009-12,1,5e-05
2010-01,1,9.166666666666668e-05
2010-02,1,0.000125
2010-03,1,0.0001333333333333
2010-04,1,0.0001333333333333
2010-05,1,0.0001
2010-06,1,0.0001333333333333
2010-07,1,0.0001333333333333
2010-08,1,0.000125
2010-09,1,0.0001083333333333
2010-10,1,0.0001166666666666
2010-11,1,0.0001166666666666
2010-12,1,0.000125
2011-01,1,0.0001083333333333
2011-02,1,8.333333333333333e-05
2011-03,1,5e-05
2011-04,1,3.3333333333333335e-05
2011-05,1,3.3333333333333335e-05
2011-06,1,3.3333333333333335e-05
2011-07,1,1.6666666666666667e-05
2011-08,1,8.333333333333334e-06
2011-09,1,1.6666666666666667e-05
2011-10,1,8.333333333333334e-06
2011-11,1,8.333333333333334e-06
2011-12,1,2.5e-05
2012-01,1,7.5e-05
2012-02,1,6.666666666666667e-05
2012-03,1,6.666666666666667e-05
2012-04,1,7.5e-05
2012-05,0,7.5e-05
2012-06,0,8.333333333333333e-05
2012-07,1,8.333333333333333e-05
2012-08,1,9.166666666666668e-05
2012-09,1,8.333333333333333e-05
2012-10,1,7.5e-05
2012-11,1,5.833333333333334e-05
2012-12,1,5.833333333333334e-05
2013-01,1,8.333333333333333e-05
2013-02,1,7.5e-05
2013-03,1,5e-05
2013-04,1,3.3333333333333335e-05
2013-05,1,4.1666666666666665e-05
2013-06,1,3.3333333333333335e-05
2013-07,1,3.3333333333333335e-05
2013-08,1,1.6666666666666667e-05
2013-09,1,4.1666666666666665e-05
2013-10,1,5.833333333333334e-05
2013-11,1,5.833333333333334e-05
2013-12,1,3.3333333333333335e-05
2014-01,1,4.1666666666666665e-05
2014-02,1,4.1666666666666665e-05
2014-03,1,2.5e-05
2014-04,1,2.5e-05
2014-05,1,3.3333333333333335e-05
2014-06,1,2.5e-05
2014-07,1,2.5e-05
2014-08,1,1.6666666666666667e-05
2014-09,1,1.6666666666666667e-05
2014-10,1,1.6666666666666667e-05
2014-11,1,2.5e-05
2014-12,1,2.5e-05
2015-01,0,1.6666666666666667e-05
2015-02,0,2.5e-05
2015-03,0,1.6666666666666667e-05
2015-04,0,1.6666666666666667e-05
2015-05,0,1.6666666666666667e-05
2015-06,0,2.5e-05
2015-07,0,5.833333333333334e-05
2015-08,0,1.6666666666666667e-05
2015-09,0,1.6666666666666667e-05
2015-10,0,0.0001
2015-11,0,0.0001916666666666
2015-12,0,0.0002166666666666
2016-01,0,0.0002583333333333
2016-02,0,0.0002416666666666
2016-03,0,0.0001916666666666
2016-04,1,0.000225
2016-05,1,0.000225
2016-06,1,0.00025
2016-07,1,0.00025
2016-08,1,0.0002416666666666
2016-09,1,0.000275
2016-10,1,0.000375
2016-11,1,0.000425
2016-12,1,0.000425
2017-01,1,0.0004333333333333
2017-02,1,0.0006166666666666
2017-03,1,0.0006666666666666
2017-04,1,0.0007416666666666
2017-05,1,0.0008166666666666
2017-06,1,0.0008916666666666
2017-07,1,0.0008416666666666
2017-08,1,0.0008583333333333
2017-09,1,0.0008916666666666
2017-10,1,0.001025
2017-11,1,0.0011
2017-12,1,0.001175
2018-01,1,0.0013083333333333
2018-02,0,0.0014166666666666
2018-03,0,0.0014666666666666
2018-04,0,0.00155
2018-05,0,0.0015833333333333
2018-06,0,0.0016333333333333
2018-07,0,0.0016916666666666
2018-08,0,0.0017749999999999
2018-09,0,0.001875
2018-10,0,0.0019416666666666
2018-11,0,0.001975
2018-12,0,0.001975
2019-01,1,0.0019916666666666
2019-02,1,0.002
2019-03,1,0.0019833333333333
2019-04,1,0.0019583333333333
2019-05,0,0.0018083333333333
2019-06,0,0.00175
2019-07,1,0.001625
2019-08,1,0.001575
2019-09,1,0.001375
2019-10,1,0.0012833333333333
2019-11,1,0.0012833333333333
2019-12,1,0.0012666666666666
2020-01,1,0.0012666666666666
2020-02,0,0.0002416666666666
2020-03,0,0.0001166666666666
2020-04,0,0.0001083333333333
2020-05,0,0.0001333333333333
2020-06,0,0.0001083333333333
2020-07,1,8.333333333333333e-05
2020-08,1,9.166666666666668e-05
2020-09,1,8.333333333333333e-05
2020-10,1,7.5e-05
2020-11,1,7.5e-05
2020-12,1,6.666666666666667e-05
2021-01,1,3.3333333333333335e-05
2021-02,1,2.5e-05
2021-03,1,1.6666666666666667e-05
2021-04,1,1.6666666666666667e-05
2021-05,1,3.3333333333333335e-05
2021-06,1,4.1666666666666665e-05
2021-07,1,4.1666666666666665e-05
2021-08,1,3.3333333333333335e-05
2021-09,1,4.1666666666666665e-05
2021-10,1,4.1666666666666665e-05
2021-11,0,5e-05
2021-12,0,0.000125
2022-01,0,0.000275
2022-02,0,0.0003666666666666
2022-03,0,0.0006333333333333
2022-04,0,0.0008166666666666
2022-05,0,0.0012416666666666
2022-06,0,0.0018583333333333
2022-07,0,0.0021916666666666
2022-08,0,0.0026083333333333
2022-09,0,0.0031
2022-10,0,0.0034583333333333
2022-11,0,0.0035416666666666
2022-12,0,0.0037833333333333
2023-01,1,0.003875
2023-02,1,0.0039083333333333
2023-03,1,0.0041
2023-04,1,0.0042833333333333
2023-05,1,0.0043
2023-06,1,0.0043749999999999
2023-07,1,0.0044166666666666
2023-08,1,0.0044333333333333
2023-09,1,0.00445
2023-10,0,0.0043916666666666
2023-11,1,0.0043666666666666
2023-12,1,0.00435
2024-01,1,0.0043666666666666
2024-02,1,0.0043666666666666
2024-03,1,0.0043666666666666
2024-04,1,0.0043749999999999
2024-05,1,0.0043666666666666
2024-06,1,0.0043333333333333
2024-07,1,0.0042083333333333
2024-08,1,0.0039333333333333
2024-09,1,0.0037583333333333
2024-10,1,0.0036833333333333
2024-11,1,0.0035583333333333
2024-12,1,0.0035083333333333
2025-01,1,0.0035166666666666
2025-02,1,0.0035
2025-03,0,0.0035083333333333
2025-04,0,0.0035416666666666
2025-05,1,0.003525
2025-06,1,0.0035416666666666
2025-07,1,0.0034333333333333
2025-08,1,0.0032666666666666
2025-09,1,0.0031833333333333
2025-10,1,0.00315
2025-11,1,0.0029916666666666
2025-12,1,0.0029749999999999
2026-01,1,0.003
2026-02,1,0.0030083333333333
